sid,r_id,tid,actual_departure_time,actual_arrival_time,date,driver,co_driver
s01,r01,t07,06:00,11:40,2023-09-01,st01,st08
s02,r01,t07,06:00,11:40,2023-09-02,st01,st08
s03,r01,t07,06:00,11:40,2023-09-04,st01,st08
s04,r01,t07,06:00,11:40,2023-09-05,st01,st08
s05,r01,t07,06:00,11:40,2023-09-06,st01,st08
s06,r01,t07,06:00,11:40,2023-09-07,st01,st08
s07,r01,t07,06:00,11:40,2023-09-08,st01,st08
s08,r01,t07,06:00,11:40,2023-09-09,st01,st08
s09,r01,t07,06:00,11:40,2023-09-11,st01,st08
s10,r01,t07,06:00,11:40,2023-09-12,st01,st08
s11,r01,t07,06:00,11:40,2023-09-13,st01,st08
s12,r01,t07,06:00,11:40,2023-09-14,st01,st08
s13,r01,t07,06:00,11:40,2023-09-15,st01,st08
s14,r01,t07,06:00,11:40,2023-09-16,st01,st08
s15,r01,t07,06:00,11:40,2023-09-18,st01,st08
s16,r01,t07,06:00,11:40,2023-09-19,st01,st08
s17,r01,t07,06:00,11:40,2023-09-20,st01,st08
s18,r01,t07,06:00,11:40,2023-09-21,st01,st08
s19,r01,t07,06:00,11:40,2023-09-22,st01,st08
s20,r01,t07,06:00,11:40,2023-09-23,st01,st08
s21,r01,t07,06:00,11:40,2023-09-25,st01,st08
s22,r01,t07,06:00,11:40,2023-09-26,st01,st08
s23,r01,t07,06:00,11:40,2023-09-27,st01,st08
s24,r01,t07,06:00,11:40,2023-09-28,st01,st08
s25,r01,t07,06:00,11:40,2023-09-29,st01,st08
s26,r01,t07,06:00,11:40,2023-09-30,st01,st08
s27,r01,t07,06:00,11:40,2023-10-02,st01,st08
s28,r01,t07,06:00,11:40,2023-10-03,st01,st08
s29,r01,t07,06:00,11:40,2023-10-04,st01,st08
s30,r01,t07,06:00,11:40,2023-10-05,st01,st08
s31,r01,t07,06:00,11:40,2023-10-06,st01,st08
s32,r01,t07,06:00,11:40,2023-10-07,st01,st08
s33,r01,t07,06:00,11:40,2023-10-16,st01,st08
s34,r01,t07,06:00,11:40,2023-10-10,st01,st08
s35,r01,t07,06:00,11:40,2023-10-11,st01,st08
s36,r01,t07,06:00,11:40,2023-10-12,st01,st08
s37,r01,t07,06:00,11:40,2023-10-13,st01,st08
s38,r01,t07,06:00,11:40,2023-10-14,st01,st08
s39,r01,t07,06:00,11:40,2023-10-15,st01,st08
s40,r01,t07,06:00,11:40,2023-10-16,st01,st08
s41,r01,t07,06:00,11:40,2023-10-17,st01,st08
s42,r01,t07,06:00,11:40,2023-10-18,st01,st08
s43,r01,t07,06:00,11:40,2023-10-19,st01,st08
s44,r01,t07,06:00,11:40,2023-10-20,st01,st08
s45,r01,t07,06:00,11:40,2023-10-21,st01,st08
s46,r01,t07,06:00,11:40,2023-10-23,st01,st08
s47,r01,t07,06:00,11:40,2023-10-24,st01,st08
s48,r01,t07,06:00,11:40,2023-10-25,st01,st08
s49,r01,t07,06:00,11:40,2023-10-26,st01,st08
s50,r01,t07,06:00,11:40,2023-10-27,st01,st08
s51,r01,t07,06:00,11:40,2023-10-28,st01,st08
s52,r01,t07,06:00,11:40,2023-10-30,st01,st08
s53,r01,t07,06:00,11:40,2023-10-31,st01,st08
s54,r01,t07,06:00,11:40,2023-11-01,st01,st08
s55,r01,t07,06:00,11:40,2023-11-02,st01,st08
s56,r01,t07,06:00,11:40,2023-11-03,st01,st08
s57,r01,t07,06:00,11:40,2023-11-04,st01,st08
s58,r01,t07,06:00,11:40,2023-11-06,st01,st08
s59,r01,t07,06:00,11:40,2023-11-07,st01,st08
s60,r01,t07,06:00,11:40,2023-11-08,st01,st08
s61,r01,t07,06:00,11:40,2023-11-09,st01,st08
s62,r01,t07,06:00,11:40,2023-11-10,st01,st08
s63,r01,t07,06:00,11:40,2023-11-11,st01,st08
s64,r01,t07,06:00,11:40,2023-11-13,st01,st08
s65,r01,t07,06:00,11:40,2023-11-14,st01,st08
s66,r01,t07,06:00,11:40,2023-11-15,st01,st08
s67,r01,t07,06:00,11:40,2023-11-16,st01,st08
s68,r01,t07,06:00,11:40,2023-11-17,st01,st08
s69,r01,t07,06:00,11:40,2023-11-18,st01,st08
s70,r01,t07,06:00,11:40,2023-11-20,st01,st08
s71,r01,t07,06:00,11:40,2023-11-21,st01,st08
s72,r01,t07,06:00,11:40,2023-11-22,st01,st08
s73,r01,t07,06:00,11:40,2023-11-23,st01,st08
s74,r01,t07,06:00,11:40,2023-11-24,st01,st08
s75,r01,t07,06:00,11:40,2023-11-25,st01,st08
s76,r01,t07,06:00,11:40,2023-11-27,st01,st08
s77,r01,t07,06:00,11:40,2023-11-28,st01,st08
s78,r01,t07,06:00,11:40,2023-11-29,st01,st08
s79,r01,t07,06:00,11:40,2023-11-30,st01,st08
s80,rr01,t08,12:00,17:40,2023-09-01,st08,st01
s81,rr01,t08,12:00,17:40,2023-09-02,st08,st01
s82,rr01,t08,12:00,17:40,2023-09-04,st08,st01
s83,rr01,t08,12:00,17:40,2023-09-05,st08,st01
s84,rr01,t08,12:00,17:40,2023-09-06,st08,st01
s85,rr01,t08,12:00,17:40,2023-09-07,st08,st01
s86,rr01,t08,12:00,17:40,2023-09-08,st08,st01
s87,rr01,t08,12:00,17:40,2023-09-09,st08,st01
s88,rr01,t08,12:00,17:40,2023-09-11,st08,st01
s89,rr01,t08,12:00,17:40,2023-09-12,st08,st01
s90,rr01,t08,12:00,17:40,2023-09-13,st08,st01
s91,rr01,t08,12:00,17:40,2023-09-14,st08,st01
s92,rr01,t08,12:00,17:40,2023-09-15,st08,st01
s93,rr01,t08,12:00,17:40,2023-09-16,st08,st01
s94,rr01,t08,12:00,17:40,2023-09-18,st08,st01
s95,rr01,t08,12:00,17:40,2023-09-19,st08,st01
s96,rr01,t08,12:00,17:40,2023-09-20,st08,st01
s97,rr01,t08,12:00,17:40,2023-09-21,st08,st01
s98,rr01,t08,12:00,17:40,2023-09-22,st08,st01
s99,rr01,t08,12:00,17:40,2023-09-23,st08,st01
s100,rr01,t08,12:00,17:40,2023-09-25,st08,st01
s101,rr01,t08,12:00,17:40,2023-09-26,st08,st01
s102,rr01,t08,12:00,17:40,2023-09-27,st08,st01
s103,rr01,t08,12:00,17:40,2023-09-28,st08,st01
s104,rr01,t08,12:00,17:40,2023-09-29,st08,st01
s105,rr01,t08,12:00,17:40,2023-09-30,st08,st01
s106,rr01,t08,12:00,17:40,2023-10-02,st08,st01
s107,rr01,t08,12:00,17:40,2023-10-03,st08,st01
s108,rr01,t08,12:00,17:40,2023-10-04,st08,st01
s109,rr01,t08,12:00,17:40,2023-10-05,st08,st01
s110,rr01,t08,12:00,17:40,2023-10-06,st08,st01
s111,rr01,t08,12:00,17:40,2023-10-07,st08,st01
s112,rr01,t08,12:00,17:40,2023-10-16,st08,st01
s113,rr01,t08,12:00,17:40,2023-10-10,st08,st01
s114,rr01,t08,12:00,17:40,2023-10-11,st08,st01
s115,rr01,t08,12:00,17:40,2023-10-12,st08,st01
s116,rr01,t08,12:00,17:40,2023-10-13,st08,st01
s117,rr01,t08,12:00,17:40,2023-10-14,st08,st01
s118,rr01,t08,12:00,17:40,2023-10-15,st08,st01
s119,rr01,t08,12:00,17:40,2023-10-16,st08,st01
s120,rr01,t08,12:00,17:40,2023-10-17,st08,st01
s121,rr01,t08,12:00,17:40,2023-10-18,st08,st01
s122,rr01,t08,12:00,17:40,2023-10-19,st08,st01
s123,rr01,t08,12:00,17:40,2023-10-20,st08,st01
s124,rr01,t08,12:00,17:40,2023-10-21,st08,st01
s125,rr01,t08,12:00,17:40,2023-10-23,st08,st01
s126,rr01,t08,12:00,17:40,2023-10-24,st08,st01
s127,rr01,t08,12:00,17:40,2023-10-25,st08,st01
s128,rr01,t08,12:00,17:40,2023-10-26,st08,st01
s129,rr01,t08,12:00,17:40,2023-10-27,st08,st01
s130,rr01,t08,12:00,17:40,2023-10-28,st08,st01
s131,rr01,t08,12:00,17:40,2023-10-30,st08,st01
s132,rr01,t08,12:00,17:40,2023-10-31,st08,st01
s133,rr01,t08,12:00,17:40,2023-11-01,st08,st01
s134,rr01,t08,12:00,17:40,2023-11-02,st08,st01
s135,rr01,t08,12:00,17:40,2023-11-03,st08,st01
s136,rr01,t08,12:00,17:40,2023-11-04,st08,st01
s137,rr01,t08,12:00,17:40,2023-11-06,st08,st01
s138,rr01,t08,12:00,17:40,2023-11-07,st08,st01
s139,rr01,t08,12:00,17:40,2023-11-08,st08,st01
s140,rr01,t08,12:00,17:40,2023-11-09,st08,st01
s141,rr01,t08,12:00,17:40,2023-11-10,st08,st01
s142,rr01,t08,12:00,17:40,2023-11-11,st08,st01
s143,rr01,t08,12:00,17:40,2023-11-13,st08,st01
s144,rr01,t08,12:00,17:40,2023-11-14,st08,st01
s145,rr01,t08,12:00,17:40,2023-11-15,st08,st01
s146,rr01,t08,12:00,17:40,2023-11-16,st08,st01
s147,rr01,t08,12:00,17:40,2023-11-17,st08,st01
s148,rr01,t08,12:00,17:40,2023-11-18,st08,st01
s149,rr01,t08,12:00,17:40,2023-11-20,st08,st01
s150,rr01,t08,12:00,17:40,2023-11-21,st08,st01
s151,rr01,t08,12:00,17:40,2023-11-22,st08,st01
s152,rr01,t08,12:00,17:40,2023-11-23,st08,st01
s153,rr01,t08,12:00,17:40,2023-11-24,st08,st01
s154,rr01,t08,12:00,17:40,2023-11-25,st08,st01
s155,rr01,t08,12:00,17:40,2023-11-27,st08,st01
s156,rr01,t08,12:00,17:40,2023-11-28,st08,st01
s157,rr01,t08,12:00,17:40,2023-11-29,st08,st01
s158,rr01,t08,12:00,17:40,2023-11-30,st08,st01
s159,r02,t12,07:00,13:10,2023-09-01,st05,st19
s160,r02,t12,07:00,13:10,2023-09-02,st05,st19
s161,r02,t12,07:00,13:10,2023-09-03,st05,st19
s162,r02,t12,07:00,13:10,2023-09-04,st05,st19
s163,r02,t12,07:00,13:10,2023-09-05,st05,st19
s164,r02,t12,07:00,13:10,2023-09-06,st05,st19
s165,r02,t12,07:00,13:10,2023-09-08,st05,st19
s166,r02,t12,07:00,13:10,2023-09-09,st05,st19
s167,r02,t12,07:00,13:10,2023-09-10,st05,st19
s168,r02,t12,07:00,13:10,2023-09-11,st05,st19
s169,r02,t12,07:00,13:10,2023-09-12,st05,st19
s170,r02,t12,07:00,13:10,2023-09-13,st05,st19
s171,r02,t12,07:00,13:10,2023-09-15,st05,st19
s172,r02,t12,07:00,13:10,2023-09-16,st05,st19
s173,r02,t12,07:00,13:10,2023-09-17,st05,st19
s174,r02,t12,07:00,13:10,2023-09-18,st05,st19
s175,r02,t12,07:00,13:10,2023-09-19,st05,st19
s176,r02,t12,07:00,13:10,2023-09-20,st05,st19
s177,r02,t12,07:00,13:10,2023-09-22,st05,st19
s178,r02,t12,07:00,13:10,2023-09-23,st05,st19
s179,r02,t12,07:00,13:10,2023-09-24,st05,st19
s180,r02,t12,07:00,13:10,2023-09-25,st05,st19
s181,r02,t12,07:00,13:10,2023-09-26,st05,st19
s182,r02,t12,07:00,13:10,2023-09-27,st05,st19
s183,r02,t12,07:00,13:10,2023-09-29,st05,st19
s184,r02,t12,07:00,13:10,2023-09-30,st05,st19
s185,r02,t12,07:00,13:10,2023-10-01,st05,st19
s186,r02,t12,07:00,13:10,2023-10-02,st05,st19
s187,r02,t12,07:00,13:10,2023-10-03,st05,st19
s188,r02,t12,07:00,13:10,2023-10-04,st05,st19
s189,r02,t12,07:00,13:10,2023-10-06,st05,st19
s190,r02,t12,07:00,13:10,2023-10-07,st05,st19
s191,r02,t12,07:00,13:10,2023-10-08,st05,st19
s192,r02,t12,07:00,13:10,2023-10-09,st05,st19
s193,r02,t12,07:00,13:10,2023-10-10,st05,st19
s194,r02,t12,07:00,13:10,2023-10-11,st05,st19
s195,r02,t12,07:00,13:10,2023-10-13,st05,st19
s196,r02,t12,07:00,13:10,2023-10-14,st05,st19
s197,r02,t12,07:00,13:10,2023-10-15,st05,st19
s198,r02,t12,07:00,13:10,2023-10-16,st05,st19
s199,r02,t12,07:00,13:10,2023-10-17,st05,st19
s200,r02,t12,07:00,13:10,2023-10-18,st05,st19
s201,r02,t12,07:00,13:10,2023-10-20,st05,st19
s202,r02,t12,07:00,13:10,2023-10-21,st05,st19
s203,r02,t12,07:00,13:10,2023-10-22,st05,st19
s204,r02,t12,07:00,13:10,2023-10-23,st05,st19
s205,r02,t12,07:00,13:10,2023-10-24,st05,st19
s206,r02,t12,07:00,13:10,2023-10-25,st05,st19
s207,r02,t12,07:00,13:10,2023-10-27,st05,st19
s208,r02,t12,07:00,13:10,2023-10-28,st05,st19
s209,r02,t12,07:00,13:10,2023-10-29,st05,st19
s210,r02,t12,07:00,13:10,2023-10-30,st05,st19
s211,r02,t12,07:00,13:10,2023-10-31,st05,st19
s212,r02,t12,07:00,13:10,2023-11-01,st05,st19
s213,r02,t12,07:00,13:10,2023-11-03,st05,st19
s214,r02,t12,07:00,13:10,2023-11-04,st05,st19
s215,r02,t12,07:00,13:10,2023-11-05,st05,st19
s216,r02,t12,07:00,13:10,2023-11-06,st05,st19
s217,r02,t12,07:00,13:10,2023-11-07,st05,st19
s218,r02,t12,07:00,13:10,2023-11-08,st05,st19
s219,r02,t12,07:00,13:10,2023-11-10,st05,st19
s220,r02,t12,07:00,13:10,2023-11-11,st05,st19
s221,r02,t12,07:00,13:10,2023-11-12,st05,st19
s222,r02,t12,07:00,13:10,2023-11-13,st05,st19
s223,r02,t12,07:00,13:10,2023-11-14,st05,st19
s224,r02,t12,07:00,13:10,2023-11-15,st05,st19
s225,r02,t12,07:00,13:10,2023-11-17,st05,st19
s226,r02,t12,07:00,13:10,2023-11-18,st05,st19
s227,r02,t12,07:00,13:10,2023-11-19,st05,st19
s228,r02,t12,07:00,13:10,2023-11-20,st05,st19
s229,r02,t12,07:00,13:10,2023-11-21,st05,st19
s230,r02,t12,07:00,13:10,2023-11-22,st05,st19
s231,r02,t12,07:00,13:10,2023-11-24,st05,st19
s232,r02,t12,07:00,13:10,2023-11-25,st05,st19
s233,r02,t12,07:00,13:10,2023-11-26,st05,st19
s234,r02,t12,07:00,13:10,2023-11-27,st05,st19
s235,r02,t12,07:00,13:10,2023-11-28,st05,st19
s236,r02,t12,07:00,13:10,2023-11-29,st05,st19
s237,rr02,t13,14:00,20:10,2023-09-01,st19,st05
s238,rr02,t13,14:00,20:10,2023-09-02,st19,st05
s239,rr02,t13,14:00,20:10,2023-09-03,st19,st05
s240,rr02,t13,14:00,20:10,2023-09-04,st19,st05
s241,rr02,t13,14:00,20:10,2023-09-05,st19,st05
s242,rr02,t13,14:00,20:10,2023-09-06,st19,st05
s243,rr02,t13,14:00,20:10,2023-09-08,st19,st05
s244,rr02,t13,14:00,20:10,2023-09-09,st19,st05
s245,rr02,t13,14:00,20:10,2023-09-10,st19,st05
s246,rr02,t13,14:00,20:10,2023-09-11,st19,st05
s247,rr02,t13,14:00,20:10,2023-09-12,st19,st05
s248,rr02,t13,14:00,20:10,2023-09-13,st19,st05
s249,rr02,t13,14:00,20:10,2023-09-15,st19,st05
s250,rr02,t13,14:00,20:15,2023-09-16,st19,st05
s251,rr02,t13,14:00,20:10,2023-09-17,st19,st05
s252,rr02,t13,14:00,20:10,2023-09-18,st19,st05
s253,rr02,t13,14:00,20:10,2023-09-19,st19,st05
s254,rr02,t13,14:00,20:10,2023-09-20,st19,st05
s255,rr02,t13,14:00,20:10,2023-09-22,st19,st05
s256,rr02,t13,14:00,20:10,2023-09-23,st19,st05
s257,rr02,t13,14:00,20:10,2023-09-24,st19,st05
s258,rr02,t13,14:00,20:10,2023-09-25,st19,st05
s259,rr02,t13,14:00,20:10,2023-09-26,st19,st05
s260,rr02,t13,14:00,20:10,2023-09-27,st19,st05
s261,rr02,t13,14:00,20:10,2023-09-29,st19,st05
s262,rr02,t13,14:00,20:10,2023-09-30,st19,st05
s263,rr02,t13,14:00,20:10,2023-10-01,st19,st05
s264,rr02,t13,14:00,20:10,2023-10-02,st19,st05
s265,rr02,t13,14:00,20:10,2023-10-03,st19,st05
s266,rr02,t13,14:00,20:10,2023-10-04,st19,st05
s267,rr02,t13,14:00,20:10,2023-10-06,st19,st05
s268,rr02,t13,14:00,20:10,2023-10-07,st19,st05
s269,rr02,t13,14:00,20:10,2023-10-08,st19,st05
s270,rr02,t13,14:00,20:10,2023-10-09,st19,st05
s271,rr02,t13,14:00,20:10,2023-10-10,st19,st05
s272,rr02,t13,14:00,20:10,2023-10-11,st19,st05
s273,rr02,t13,14:00,20:10,2023-10-13,st19,st05
s274,rr02,t13,14:00,20:10,2023-10-14,st19,st05
s275,rr02,t13,14:00,20:20,2023-10-15,st19,st05
s276,rr02,t13,14:00,20:10,2023-10-16,st19,st05
s277,rr02,t13,14:00,20:10,2023-10-17,st19,st05
s278,rr02,t13,14:00,20:10,2023-10-18,st19,st05
s279,rr02,t13,14:00,20:10,2023-10-20,st19,st05
s280,rr02,t13,14:00,20:10,2023-10-21,st19,st05
s281,rr02,t13,14:00,20:10,2023-10-22,st19,st05
s282,rr02,t13,14:00,20:10,2023-10-23,st19,st05
s283,rr02,t13,14:00,20:10,2023-10-24,st19,st05
s284,rr02,t13,14:00,20:10,2023-10-25,st19,st05
s285,rr02,t13,14:00,20:10,2023-10-27,st19,st05
s286,rr02,t13,14:00,20:10,2023-10-28,st19,st05
s287,rr02,t13,14:00,20:10,2023-10-29,st19,st05
s288,rr02,t13,14:00,20:10,2023-10-30,st19,st05
s289,rr02,t13,14:00,20:10,2023-10-31,st19,st05
s290,rr02,t13,14:00,20:10,2023-11-01,st19,st05
s291,rr02,t13,14:00,20:10,2023-11-03,st19,st05
s292,rr02,t13,14:00,20:10,2023-11-04,st19,st05
s293,rr02,t13,14:00,20:10,2023-11-05,st19,st05
s294,rr02,t13,14:00,20:10,2023-11-06,st19,st05
s295,rr02,t13,14:00,20:10,2023-11-07,st19,st05
s296,rr02,t13,14:00,20:10,2023-11-08,st19,st05
s297,rr02,t13,14:00,20:10,2023-11-10,st19,st05
s298,rr02,t13,14:00,20:10,2023-11-11,st19,st05
s299,rr02,t13,14:00,20:10,2023-11-12,st19,st05
s300,rr02,t13,14:00,20:10,2023-11-13,st19,st05
s301,rr02,t13,14:00,20:10,2023-11-14,st19,st05
s302,rr02,t13,14:00,20:10,2023-11-15,st19,st05
s303,rr02,t13,14:00,20:10,2023-11-17,st19,st05
s304,rr02,t13,14:00,20:10,2023-11-18,st19,st05
s305,rr02,t13,14:00,20:10,2023-11-19,st19,st05
s306,rr02,t13,14:00,20:10,2023-11-20,st19,st05
s307,rr02,t13,14:00,20:10,2023-11-21,st19,st05
s308,rr02,t13,14:00,20:10,2023-11-22,st19,st05
s309,rr02,t13,14:00,20:10,2023-11-24,st19,st05
s310,rr02,t13,14:00,20:10,2023-11-25,st19,st05
s311,rr02,t13,14:00,20:10,2023-11-26,st19,st05
s312,rr02,t13,14:00,20:10,2023-11-27,st19,st05
s313,rr02,t13,14:00,20:10,2023-11-28,st19,st05
s314,rr02,t13,14:00,20:10,2023-11-29,st19,st05
s315,r03,t27,08:00,16:30,2023-09-03,st16,st17
s316,r03,t27,08:00,16:30,2023-09-10,st16,st17
s317,r03,t27,08:00,16:30,2023-09-17,st16,st17
s318,r03,t27,08:00,16:30,2023-09-24,st16,st17
s319,r03,t27,08:00,16:30,2023-10-01,st16,st17
s320,r03,t27,08:00,16:30,2023-10-08,st16,st17
s321,r03,t27,08:00,16:30,2023-10-15,st16,st17
s322,r03,t27,08:00,16:30,2023-10-22,st16,st17
s323,r03,t27,08:00,16:30,2023-10-29,st16,st17
s324,r03,t27,08:00,16:30,2023-11-05,st16,st17
s325,r03,t27,08:00,16:30,2023-10-12,st16,st17
s326,r03,t27,08:00,16:30,2023-11-19,st16,st17
s327,r03,t27,08:00,16:30,2023-11-26,st16,st17
s328,rr03,t28,17:00,01:30,2023-09-03,st17,st16
s329,rr03,t28,17:00,01:30,2023-09-10,st17,st16
s330,rr03,t28,17:00,01:30,2023-09-17,st17,st16
s331,rr03,t28,17:00,01:30,2023-09-24,st17,st16
s332,rr03,t28,17:00,01:30,2023-10-01,st17,st16
s333,rr03,t28,17:00,01:30,2023-10-08,st17,st16
s334,rr03,t28,17:00,01:30,2023-10-15,st17,st16
s335,rr03,t28,17:00,01:30,2023-10-22,st17,st16
s336,rr03,t28,17:00,01:30,2023-10-29,st17,st16
s337,rr03,t28,17:00,01:30,2023-11-05,st17,st16
s338,rr03,t28,17:00,01:30,2023-10-12,st17,st16
s339,rr03,t28,17:00,01:30,2023-11-19,st17,st16
s340,rr03,t28,17:00,01:30,2023-11-26,st17,st16
s341,r04,t46,06:30,11:50,2023-09-01,st03,st10
s342,r04,t46,06:30,11:50,2023-09-02,st03,st10
s343,r04,t46,06:30,11:50,2023-09-03,st03,st10
s344,r04,t46,06:30,11:50,2023-09-04,st03,st10
s345,r04,t46,06:30,11:50,2023-09-06,st03,st10
s346,r04,t46,06:30,11:50,2023-09-07,st03,st10
s347,r04,t46,06:30,11:50,2023-09-08,st03,st10
s348,r04,t46,06:30,11:50,2023-09-09,st03,st10
s349,r04,t46,06:30,11:50,2023-09-10,st03,st10
s350,r04,t46,06:30,11:40,2023-09-11,st03,st10
s351,r04,t46,06:30,11:50,2023-09-13,st03,st10
s352,r04,t46,06:30,11:50,2023-09-14,st03,st10
s353,r04,t46,06:30,11:50,2023-09-15,st03,st10
s354,r04,t46,06:30,11:50,2023-09-16,st03,st10
s355,r04,t46,06:30,11:50,2023-09-17,st03,st10
s356,r04,t46,06:30,11:50,2023-09-18,st03,st10
s357,r04,t46,06:30,11:53,2023-09-20,st03,st10
s358,r04,t46,06:30,11:50,2023-09-21,st03,st10
s359,r04,t46,06:30,11:50,2023-09-22,st03,st10
s360,r04,t46,06:30,11:50,2023-09-23,st03,st10
s361,r04,t46,06:30,11:50,2023-09-24,st03,st10
s362,r04,t46,06:30,11:50,2023-09-25,st03,st10
s363,r04,t46,06:30,11:50,2023-09-27,st03,st10
s364,r04,t46,06:30,11:50,2023-09-28,st03,st10
s365,r04,t46,06:30,11:50,2023-09-29,st03,st10
s366,r04,t46,06:30,11:50,2023-09-30,st03,st10
s367,r04,t46,06:30,11:50,2023-10-01,st03,st10
s368,r04,t46,06:30,11:50,2023-10-02,st03,st10
s369,r04,t46,06:30,11:50,2023-10-04,st03,st10
s370,r04,t46,06:30,11:50,2023-10-05,st03,st10
s371,r04,t46,06:30,11:50,2023-10-06,st03,st10
s372,r04,t46,06:30,11:50,2023-10-07,st03,st10
s373,r04,t46,06:30,11:50,2023-10-08,st03,st10
s374,r04,t46,06:30,11:50,2023-10-09,st03,st10
s375,r04,t46,06:30,11:50,2023-10-11,st03,st10
s376,r04,t46,06:30,11:50,2023-10-12,st03,st10
s377,r04,t46,06:30,11:50,2023-10-13,st03,st10
s378,r04,t46,06:30,11:50,2023-10-14,st03,st10
s379,r04,t46,06:30,11:50,2023-10-15,st03,st10
s380,r04,t46,06:30,11:50,2023-10-16,st03,st10
s381,r04,t46,06:30,11:50,2023-10-18,st03,st10
s382,r04,t46,06:30,11:50,2023-10-19,st03,st10
s383,r04,t46,06:30,11:50,2023-10-20,st03,st10
s384,r04,t46,06:30,11:50,2023-10-21,st03,st10
s385,r04,t46,06:30,11:50,2023-10-22,st03,st10
s386,r04,t46,06:30,11:50,2023-10-23,st03,st10
s387,r04,t46,06:30,11:50,2023-10-25,st03,st10
s388,r04,t46,06:30,11:50,2023-10-26,st03,st10
s389,r04,t46,06:30,11:50,2023-10-27,st03,st10
s390,r04,t46,06:30,11:50,2023-10-28,st03,st10
s391,r04,t46,06:30,11:50,2023-10-29,st03,st10
s392,r04,t46,06:30,11:50,2023-10-30,st03,st10
s393,r04,t46,06:30,11:50,2023-11-01,st03,st10
s394,r04,t46,06:30,11:50,2023-11-02,st03,st10
s395,r04,t46,06:30,11:50,2023-11-03,st03,st10
s396,r04,t46,06:30,11:50,2023-11-04,st03,st10
s397,r04,t46,06:30,11:50,2023-11-05,st03,st10
s398,r04,t46,06:30,11:50,2023-11-06,st03,st10
s399,r04,t46,06:30,11:50,2023-11-08,st03,st10
s400,r04,t46,06:30,11:50,2023-11-09,st03,st10
s401,r04,t46,06:30,11:50,2023-11-10,st03,st10
s402,r04,t46,06:30,11:50,2023-11-11,st03,st10
s403,r04,t46,06:30,11:50,2023-11-12,st03,st10
s404,r04,t46,06:30,11:50,2023-11-13,st03,st10
s405,r04,t46,06:30,11:50,2023-11-15,st03,st10
s406,r04,t46,06:30,11:50,2023-11-16,st03,st10
s407,r04,t46,06:30,11:50,2023-11-17,st03,st10
s408,r04,t46,06:30,11:50,2023-11-18,st03,st10
s409,r04,t46,06:30,11:50,2023-11-19,st03,st10
s410,r04,t46,06:30,11:50,2023-11-20,st03,st10
s411,r04,t46,06:30,11:50,2023-11-22,st03,st10
s412,r04,t46,06:30,11:50,2023-11-23,st03,st10
s413,r04,t46,06:30,11:50,2023-11-24,st03,st10
s414,r04,t46,06:30,11:50,2023-11-25,st03,st10
s415,r04,t46,06:30,11:50,2023-11-26,st03,st10
s416,r04,t46,06:30,11:50,2023-11-27,st03,st10
s417,r04,t46,06:30,11:50,2023-11-29,st03,st10
s418,r04,t46,06:30,11:50,2023-11-30,st03,st10
s419,rr04,t47,13:00,18:20,2023-09-01,st10,st03
s420,rr04,t47,13:00,18:20,2023-09-02,st10,st03
s421,rr04,t47,13:00,18:20,2023-09-03,st10,st03
s422,rr04,t47,13:00,18:20,2023-09-04,st10,st03
s423,rr04,t47,13:00,18:20,2023-09-06,st10,st03
s424,rr04,t47,13:00,18:20,2023-09-07,st10,st03
s425,rr04,t47,13:00,18:20,2023-09-08,st10,st03
s426,rr04,t47,13:00,18:20,2023-09-09,st10,st03
s427,rr04,t47,13:00,18:20,2023-09-10,st10,st03
s428,rr04,t47,13:00,18:20,2023-09-11,st10,st03
s429,rr04,t47,13:00,18:20,2023-09-13,st10,st03
s430,rr04,t47,13:00,18:20,2023-09-14,st10,st03
s431,rr04,t47,13:00,18:20,2023-09-15,st10,st03
s432,rr04,t47,13:00,18:20,2023-09-16,st10,st03
s433,rr04,t47,13:00,18:20,2023-09-17,st10,st03
s434,rr04,t47,13:00,18:20,2023-09-18,st10,st03
s435,rr04,t47,13:00,18:20,2023-09-20,st10,st03
s436,rr04,t47,13:00,18:20,2023-09-21,st10,st03
s437,rr04,t47,13:00,18:20,2023-09-22,st10,st03
s438,rr04,t47,13:00,18:20,2023-09-23,st10,st03
s439,rr04,t47,13:00,18:20,2023-09-24,st10,st03
s440,rr04,t47,13:00,18:20,2023-09-25,st10,st03
s441,rr04,t47,13:00,18:20,2023-09-27,st10,st03
s442,rr04,t47,13:00,18:20,2023-09-28,st10,st03
s443,rr04,t47,13:00,18:20,2023-09-29,st10,st03
s444,rr04,t47,13:00,18:20,2023-09-30,st10,st03
s445,rr04,t47,13:00,18:20,2023-10-01,st10,st03
s446,rr04,t47,13:00,18:20,2023-10-02,st10,st03
s447,rr04,t47,13:00,18:20,2023-10-04,st10,st03
s448,rr04,t47,13:00,18:20,2023-10-05,st10,st03
s449,rr04,t47,13:00,18:20,2023-10-06,st10,st03
s450,rr04,t47,13:00,18:20,2023-10-07,st10,st03
s451,rr04,t47,13:00,18:20,2023-10-08,st10,st03
s452,rr04,t47,13:00,18:20,2023-10-09,st10,st03
s453,rr04,t47,13:00,18:20,2023-10-11,st10,st03
s454,rr04,t47,13:00,18:20,2023-10-12,st10,st03
s455,rr04,t47,13:00,18:20,2023-10-13,st10,st03
s456,rr04,t47,13:00,18:20,2023-10-14,st10,st03
s457,rr04,t47,13:00,18:20,2023-10-15,st10,st03
s458,rr04,t47,13:00,18:20,2023-10-16,st10,st03
s459,rr04,t47,13:00,18:20,2023-10-18,st10,st03
s460,rr04,t47,13:00,18:20,2023-10-19,st10,st03
s461,rr04,t47,13:00,18:20,2023-10-20,st10,st03
s462,rr04,t47,13:00,18:20,2023-10-21,st10,st03
s463,rr04,t47,13:00,18:20,2023-10-22,st10,st03
s464,rr04,t47,13:00,18:20,2023-10-23,st10,st03
s465,rr04,t47,13:00,18:20,2023-10-25,st10,st03
s466,rr04,t47,13:00,18:20,2023-10-26,st10,st03
s467,rr04,t47,13:00,18:27,2023-10-27,st10,st03
s468,rr04,t47,13:00,18:20,2023-10-28,st10,st03
s469,rr04,t47,13:00,18:20,2023-10-29,st10,st03
s470,rr04,t47,13:00,18:20,2023-10-30,st10,st03
s471,rr04,t47,13:00,18:20,2023-11-01,st10,st03
s472,rr04,t47,13:00,18:20,2023-11-02,st10,st03
s473,rr04,t47,13:00,18:20,2023-11-03,st10,st03
s474,rr04,t47,13:00,18:20,2023-11-04,st10,st03
s475,rr04,t47,13:00,18:20,2023-11-05,st10,st03
s476,rr04,t47,13:00,18:20,2023-11-06,st10,st03
s477,rr04,t47,13:00,18:20,2023-11-08,st10,st03
s478,rr04,t47,13:00,18:20,2023-11-09,st10,st03
s479,rr04,t47,13:00,18:20,2023-11-10,st10,st03
s480,rr04,t47,13:00,18:20,2023-11-11,st10,st03
s481,rr04,t47,13:00,18:20,2023-11-12,st10,st03
s482,rr04,t47,13:00,18:20,2023-11-13,st10,st03
s483,rr04,t47,13:00,18:20,2023-11-15,st10,st03
s484,rr04,t47,13:00,18:20,2023-11-16,st10,st03
s485,rr04,t47,13:00,18:20,2023-11-17,st10,st03
s486,rr04,t47,13:00,18:20,2023-11-18,st10,st03
s487,rr04,t47,13:00,18:20,2023-11-19,st10,st03
s488,rr04,t47,13:00,18:20,2023-11-20,st10,st03
s489,rr04,t47,13:00,18:20,2023-11-22,st10,st03
s490,rr04,t47,13:00,18:20,2023-11-23,st10,st03
s491,rr04,t47,13:00,18:20,2023-11-24,st10,st03
s492,rr04,t47,13:00,18:20,2023-11-25,st10,st03
s493,rr04,t47,13:00,18:20,2023-11-26,st10,st03
s494,rr04,t47,13:00,18:20,2023-11-27,st10,st03
s495,rr04,t47,13:00,18:20,2023-11-29,st10,st03
s496,rr04,t47,13:00,18:20,2023-11-30,st10,st03
s497,r05,t22,07:00,13:35,2023-09-01,st04,st11
s498,r05,t22,07:00,13:35,2023-09-02,st04,st11
s499,r05,t22,07:00,13:35,2023-09-03,st04,st11
s500,r05,t22,07:00,13:35,2023-09-04,st04,st11
s501,r05,t22,07:00,13:35,2023-09-05,st04,st11
s502,r05,t22,07:00,13:35,2023-09-07,st04,st11
s503,r05,t22,07:00,13:35,2023-09-08,st04,st11
s504,r05,t22,07:00,13:35,2023-09-09,st04,st11
s505,r05,t22,07:00,13:35,2023-09-10,st04,st11
s506,r05,t22,07:00,13:35,2023-09-11,st04,st11
s507,r05,t22,07:00,13:35,2023-09-12,st04,st11
s508,r05,t22,07:00,13:35,2023-09-14,st04,st11
s509,r05,t22,07:00,13:35,2023-09-15,st04,st11
s510,r05,t22,07:00,13:35,2023-09-16,st04,st11
s511,r05,t22,07:00,13:35,2023-09-17,st04,st11
s512,r05,t22,07:00,13:35,2023-09-18,st04,st11
s513,r05,t22,07:00,13:35,2023-09-19,st04,st11
s514,r05,t22,07:00,13:35,2023-09-21,st04,st11
s515,r05,t22,07:00,13:35,2023-09-22,st04,st11
s516,r05,t22,07:00,13:35,2023-09-23,st04,st11
s517,r05,t22,07:00,13:35,2023-09-24,st04,st11
s518,r05,t22,07:00,13:35,2023-09-25,st04,st11
s519,r05,t22,07:00,13:35,2023-09-26,st04,st11
s520,r05,t22,07:00,13:35,2023-09-28,st04,st11
s521,r05,t22,07:00,13:35,2023-09-29,st04,st11
s522,r05,t22,07:00,13:35,2023-09-30,st04,st11
s523,r05,t22,07:00,13:35,2023-10-01,st04,st11
s524,r05,t22,07:00,13:35,2023-10-02,st04,st11
s525,r05,t22,07:00,13:35,2023-10-03,st04,st11
s526,r05,t22,07:00,13:35,2023-10-05,st04,st11
s527,r05,t22,07:00,13:35,2023-10-06,st04,st11
s528,r05,t22,07:45,13:35,2023-10-07,st04,st11
s529,r05,t22,07:00,13:35,2023-10-08,st04,st11
s530,r05,t22,07:00,13:35,2023-10-09,st04,st11
s531,r05,t22,07:00,13:35,2023-10-10,st04,st11
s532,r05,t22,07:00,13:35,2023-10-12,st04,st11
s533,r05,t22,07:00,13:35,2023-10-13,st04,st11
s534,r05,t22,07:00,13:35,2023-10-14,st04,st11
s535,r05,t22,07:00,13:35,2023-10-15,st04,st11
s536,r05,t22,07:00,13:35,2023-10-16,st04,st11
s537,r05,t22,07:00,13:35,2023-10-17,st04,st11
s538,r05,t22,07:00,13:35,2023-10-19,st04,st11
s539,r05,t22,07:00,13:35,2023-10-20,st04,st11
s540,r05,t22,07:00,13:35,2023-10-21,st04,st11
s541,r05,t22,07:00,13:35,2023-10-22,st04,st11
s542,r05,t22,07:00,13:35,2023-10-23,st04,st11
s543,r05,t22,07:00,13:35,2023-10-24,st04,st11
s544,r05,t22,07:00,13:35,2023-10-26,st04,st11
s545,r05,t22,07:00,13:35,2023-10-27,st04,st11
s546,r05,t22,07:00,13:35,2023-10-28,st04,st11
s547,r05,t22,07:00,13:35,2023-10-29,st04,st11
s548,r05,t22,07:00,13:35,2023-10-30,st04,st11
s549,r05,t22,07:00,13:35,2023-10-31,st04,st11
s550,r05,t22,07:00,13:35,2023-11-02,st04,st11
s551,r05,t22,07:00,13:35,2023-11-03,st04,st11
s552,r05,t22,07:00,13:35,2023-11-04,st04,st11
s553,r05,t22,07:00,13:35,2023-11-05,st04,st11
s554,r05,t22,07:00,13:35,2023-11-06,st04,st11
s555,r05,t22,07:00,13:35,2023-11-07,st04,st11
s556,r05,t22,07:00,13:35,2023-11-09,st04,st11
s557,r05,t22,07:00,13:35,2023-11-10,st04,st11
s558,r05,t22,07:00,13:35,2023-11-11,st04,st11
s559,r05,t22,07:00,13:35,2023-11-12,st04,st11
s560,r05,t22,07:00,13:35,2023-11-13,st04,st11
s561,r05,t22,07:00,13:35,2023-11-14,st04,st11
s562,r05,t22,07:00,13:35,2023-11-16,st04,st11
s563,r05,t22,07:00,13:35,2023-11-17,st04,st11
s564,r05,t22,07:00,13:35,2023-11-18,st04,st11
s565,r05,t22,07:00,13:35,2023-11-19,st04,st11
s566,r05,t22,07:00,13:35,2023-11-20,st04,st11
s567,r05,t22,07:00,13:35,2023-11-21,st04,st11
s568,r05,t22,07:00,13:35,2023-11-23,st04,st11
s569,r05,t22,07:00,13:35,2023-11-24,st04,st11
s570,r05,t22,07:00,13:35,2023-11-25,st04,st11
s571,r05,t22,07:00,13:35,2023-11-26,st04,st11
s572,r05,t22,07:00,13:35,2023-11-27,st04,st11
s573,r05,t22,07:00,13:35,2023-11-28,st04,st11
s574,r05,t22,07:00,13:35,2023-11-30,st04,st11
s575,rr05,t23,14:00,20:35,2023-09-01,st11,st04
s576,rr05,t23,14:00,20:35,2023-09-02,st11,st04
s577,rr05,t23,14:00,20:35,2023-09-03,st11,st04
s578,rr05,t23,14:00,20:35,2023-09-04,st11,st04
s579,rr05,t23,14:00,20:35,2023-09-05,st11,st04
s580,rr05,t23,14:00,20:35,2023-09-07,st11,st04
s581,rr05,t23,14:00,20:35,2023-09-08,st11,st04
s582,rr05,t23,14:00,20:35,2023-09-09,st11,st04
s583,rr05,t23,14:00,20:35,2023-09-10,st11,st04
s584,rr05,t23,14:00,20:35,2023-09-11,st11,st04
s585,rr05,t23,14:00,20:35,2023-09-12,st11,st04
s586,rr05,t23,14:00,20:35,2023-09-14,st11,st04
s587,rr05,t23,14:00,20:35,2023-09-15,st11,st04
s588,rr05,t23,14:00,20:35,2023-09-16,st11,st04
s589,rr05,t23,14:00,20:35,2023-09-17,st11,st04
s590,rr05,t23,14:00,20:45,2023-09-18,st11,st04
s591,rr05,t23,14:00,20:35,2023-09-19,st11,st04
s592,rr05,t23,14:00,20:35,2023-09-21,st11,st04
s593,rr05,t23,14:00,20:35,2023-09-22,st11,st04
s594,rr05,t23,14:00,20:35,2023-09-23,st11,st04
s595,rr05,t23,14:00,20:35,2023-09-24,st11,st04
s596,rr05,t23,14:00,20:35,2023-09-25,st11,st04
s597,rr05,t23,14:00,20:35,2023-09-26,st11,st04
s598,rr05,t23,14:00,20:35,2023-09-28,st11,st04
s599,rr05,t23,14:00,20:35,2023-09-29,st11,st04
s600,rr05,t23,14:00,20:35,2023-09-30,st11,st04
s601,rr05,t23,14:00,20:35,2023-10-01,st11,st04
s602,rr05,t23,14:00,20:35,2023-10-02,st11,st04
s603,rr05,t23,14:00,20:35,2023-10-03,st11,st04
s604,rr05,t23,14:00,20:35,2023-10-05,st11,st04
s605,rr05,t23,14:00,20:35,2023-10-06,st11,st04
s606,rr05,t23,14:00,20:35,2023-10-07,st11,st04
s607,rr05,t23,14:00,20:35,2023-10-08,st11,st04
s608,rr05,t23,14:00,20:35,2023-10-09,st11,st04
s609,rr05,t23,14:00,20:35,2023-10-10,st11,st04
s610,rr05,t23,14:00,20:35,2023-10-12,st11,st04
s611,rr05,t23,14:00,20:35,2023-10-13,st11,st04
s612,rr05,t23,14:00,20:35,2023-10-14,st11,st04
s613,rr05,t23,14:00,20:35,2023-10-15,st11,st04
s614,rr05,t23,14:00,20:35,2023-10-16,st11,st04
s615,rr05,t23,14:00,20:35,2023-10-17,st11,st04
s616,rr05,t23,14:00,20:35,2023-10-19,st11,st04
s617,rr05,t23,14:00,20:35,2023-10-20,st11,st04
s618,rr05,t23,14:00,20:35,2023-10-21,st11,st04
s619,rr05,t23,14:00,20:35,2023-10-22,st11,st04
s620,rr05,t23,14:00,20:35,2023-10-23,st11,st04
s621,rr05,t23,14:00,20:35,2023-10-24,st11,st04
s622,rr05,t23,14:00,20:35,2023-10-26,st11,st04
s623,rr05,t23,14:00,20:35,2023-10-27,st11,st04
s624,rr05,t23,14:00,20:35,2023-10-28,st11,st04
s625,rr05,t23,14:00,20:35,2023-10-29,st11,st04
s626,rr05,t23,14:00,20:35,2023-10-30,st11,st04
s627,rr05,t23,14:00,20:35,2023-10-31,st11,st04
s628,rr05,t23,14:00,20:35,2023-11-02,st11,st04
s629,rr05,t23,14:00,20:35,2023-11-03,st11,st04
s630,rr05,t23,14:00,20:35,2023-11-04,st11,st04
s631,rr05,t23,14:00,20:35,2023-11-05,st11,st04
s632,rr05,t23,14:00,20:35,2023-11-06,st11,st04
s633,rr05,t23,14:00,20:35,2023-11-07,st11,st04
s634,rr05,t23,14:00,20:35,2023-11-09,st11,st04
s635,rr05,t23,14:00,20:35,2023-11-10,st11,st04
s636,rr05,t23,14:00,20:35,2023-11-11,st11,st04
s637,rr05,t23,14:00,20:35,2023-11-12,st11,st04
s638,rr05,t23,14:00,20:35,2023-11-13,st11,st04
s639,rr05,t23,14:00,20:35,2023-11-14,st11,st04
s640,rr05,t23,14:00,20:35,2023-11-16,st11,st04
s641,rr05,t23,14:00,20:35,2023-11-17,st11,st04
s642,rr05,t23,14:00,20:35,2023-11-18,st11,st04
s643,rr05,t23,14:00,20:35,2023-11-19,st11,st04
s644,rr05,t23,14:00,20:35,2023-11-20,st11,st04
s645,rr05,t23,14:00,20:35,2023-11-21,st11,st04
s646,rr05,t23,14:00,20:35,2023-11-23,st11,st04
s647,rr05,t23,14:00,20:35,2023-11-24,st11,st04
s648,rr05,t23,14:00,20:35,2023-11-25,st11,st04
s649,rr05,t23,14:00,20:35,2023-11-26,st11,st04
s650,rr05,t23,14:00,20:35,2023-11-27,st11,st04
s651,rr05,t23,14:00,20:35,2023-11-28,st11,st04
s652,rr05,t23,14:00,20:35,2023-11-30,st11,st04
s653,r06,t43,09:00,16:45,2023-09-01,st07,st28
s654,r06,t43,09:00,16:45,2023-09-03,st07,st28
s655,r06,t43,09:00,16:45,2023-09-04,st07,st28
s656,r06,t43,09:00,16:45,2023-09-05,st07,st28
s657,r06,t43,09:00,16:45,2023-09-06,st07,st28
s658,r06,t43,09:00,16:45,2023-09-07,st07,st28
s659,r06,t43,09:00,16:45,2023-09-08,st07,st28
s660,r06,t43,09:00,16:45,2023-09-10,st07,st28
s661,r06,t43,09:00,16:45,2023-09-11,st07,st28
s662,r06,t43,09:00,16:45,2023-09-12,st07,st28
s663,r06,t43,09:00,16:45,2023-09-13,st07,st28
s664,r06,t43,09:00,16:45,2023-09-14,st07,st28
s665,r06,t43,09:00,16:45,2023-09-15,st07,st28
s666,r06,t43,09:00,16:45,2023-09-17,st07,st28
s667,r06,t43,09:00,16:45,2023-09-18,st07,st28
s668,r06,t43,09:00,16:45,2023-09-19,st07,st28
s669,r06,t43,09:00,16:45,2023-09-20,st07,st28
s670,r06,t43,09:00,16:45,2023-09-21,st07,st28
s671,r06,t43,09:00,16:45,2023-09-22,st07,st28
s672,r06,t43,09:00,16:45,2023-09-24,st07,st28
s673,r06,t43,09:00,16:45,2023-09-25,st07,st28
s674,r06,t43,09:00,16:45,2023-09-26,st07,st28
s675,r06,t43,09:00,16:45,2023-09-27,st07,st28
s676,r06,t43,09:00,16:45,2023-09-28,st07,st28
s677,r06,t43,09:00,16:45,2023-09-29,st07,st28
s678,r06,t43,09:00,16:45,2023-10-01,st07,st28
s679,r06,t43,09:00,16:45,2023-10-02,st07,st28
s680,r06,t43,09:00,16:45,2023-10-03,st07,st28
s681,r06,t43,09:00,16:45,2023-10-04,st07,st28
s682,r06,t43,09:00,16:45,2023-10-05,st07,st28
s683,r06,t43,09:00,16:45,2023-10-06,st07,st28
s684,r06,t43,09:00,16:45,2023-10-08,st07,st28
s685,r06,t43,09:00,16:45,2023-10-09,st07,st28
s686,r06,t43,09:00,16:45,2023-10-10,st07,st28
s687,r06,t43,09:00,16:45,2023-10-11,st07,st28
s688,r06,t43,09:00,16:45,2023-10-12,st07,st28
s689,r06,t43,09:00,16:45,2023-10-13,st07,st28
s690,r06,t43,09:00,16:45,2023-10-15,st07,st28
s691,r06,t43,09:00,16:45,2023-10-16,st07,st28
s692,r06,t43,09:00,16:45,2023-10-17,st07,st28
s693,r06,t43,09:00,16:45,2023-10-18,st07,st28
s694,r06,t43,09:00,16:45,2023-10-19,st07,st28
s695,r06,t43,09:00,16:45,2023-10-20,st07,st28
s696,r06,t43,09:00,16:45,2023-10-22,st07,st28
s697,r06,t43,09:00,16:45,2023-10-23,st07,st28
s698,r06,t43,09:00,16:45,2023-10-24,st07,st28
s699,r06,t43,09:00,16:45,2023-10-25,st07,st28
s700,r06,t43,09:00,16:45,2023-10-26,st07,st28
s701,r06,t43,09:00,16:45,2023-10-27,st07,st28
s702,r06,t43,09:00,16:45,2023-10-29,st07,st28
s703,r06,t43,09:00,16:45,2023-10-30,st07,st28
s704,r06,t43,09:00,16:45,2023-10-31,st07,st28
s705,r06,t43,09:00,16:45,2023-11-01,st07,st28
s706,r06,t43,09:00,16:45,2023-11-02,st07,st28
s707,r06,t43,09:00,16:45,2023-11-03,st07,st28
s708,r06,t43,09:00,16:45,2023-11-05,st07,st28
s709,r06,t43,09:00,16:45,2023-11-06,st07,st28
s710,r06,t43,09:00,16:45,2023-11-07,st07,st28
s711,r06,t43,09:00,16:45,2023-11-08,st07,st28
s712,r06,t43,09:00,16:45,2023-11-09,st07,st28
s713,r06,t43,09:00,16:45,2023-11-10,st07,st28
s714,r06,t43,09:00,16:45,2023-11-12,st07,st28
s715,r06,t43,09:00,16:45,2023-11-13,st07,st28
s716,r06,t43,09:00,16:45,2023-11-14,st07,st28
s717,r06,t43,09:00,16:45,2023-11-15,st07,st28
s718,r06,t43,09:00,16:45,2023-11-16,st07,st28
s719,r06,t43,09:00,16:45,2023-11-17,st07,st28
s720,r06,t43,09:00,16:45,2023-11-19,st07,st28
s721,r06,t43,09:00,16:45,2023-11-20,st07,st28
s722,r06,t43,09:00,16:45,2023-11-21,st07,st28
s723,r06,t43,09:00,16:45,2023-11-22,st07,st28
s724,r06,t43,09:00,16:45,2023-11-23,st07,st28
s725,r06,t43,09:00,16:45,2023-11-24,st07,st28
s726,r06,t43,09:00,16:45,2023-11-26,st07,st28
s727,r06,t43,09:00,16:45,2023-11-27,st07,st28
s728,r06,t43,09:00,16:45,2023-11-28,st07,st28
s729,r06,t43,09:00,16:45,2023-11-29,st07,st28
s730,r06,t43,09:00,16:45,2023-11-30,st07,st28
s731,rr06,t44,17:00,00:45,2023-09-01,st28,st07
s732,rr06,t44,17:00,00:45,2023-09-03,st28,st07
s733,rr06,t44,17:00,00:45,2023-09-04,st28,st07
s734,rr06,t44,17:00,00:45,2023-09-05,st28,st07
s735,rr06,t44,17:00,00:45,2023-09-06,st28,st07
s736,rr06,t44,17:00,00:45,2023-09-07,st28,st07
s737,rr06,t44,17:00,00:45,2023-09-08,st28,st07
s738,rr06,t44,17:00,00:45,2023-09-10,st28,st07
s739,rr06,t44,17:00,00:45,2023-09-11,st28,st07
s740,rr06,t44,17:00,00:45,2023-09-12,st28,st07
s741,rr06,t44,17:00,00:45,2023-09-13,st28,st07
s742,rr06,t44,17:00,00:45,2023-09-14,st28,st07
s743,rr06,t44,17:00,00:45,2023-09-15,st28,st07
s744,rr06,t44,17:00,00:45,2023-09-17,st28,st07
s745,rr06,t44,17:00,00:45,2023-09-18,st28,st07
s746,rr06,t44,17:00,00:45,2023-09-19,st28,st07
s747,rr06,t44,17:00,00:45,2023-09-20,st28,st07
s748,rr06,t44,17:00,00:45,2023-09-21,st28,st07
s749,rr06,t44,17:00,00:45,2023-09-22,st28,st07
s750,rr06,t44,17:00,00:45,2023-09-24,st28,st07
s751,rr06,t44,17:00,00:45,2023-09-25,st28,st07
s752,rr06,t44,17:00,00:45,2023-09-26,st28,st07
s753,rr06,t44,17:00,00:45,2023-09-27,st28,st07
s754,rr06,t44,17:00,00:45,2023-09-28,st28,st07
s755,rr06,t44,17:00,00:45,2023-09-29,st28,st07
s756,rr06,t44,17:00,00:45,2023-10-01,st28,st07
s757,rr06,t44,17:00,00:45,2023-10-02,st28,st07
s758,rr06,t44,17:00,00:45,2023-10-03,st28,st07
s759,rr06,t44,17:00,00:45,2023-10-04,st28,st07
s760,rr06,t44,17:00,00:45,2023-10-05,st28,st07
s761,rr06,t44,17:00,00:45,2023-10-06,st28,st07
s762,rr06,t44,17:00,00:45,2023-10-08,st28,st07
s763,rr06,t44,17:00,00:45,2023-10-09,st28,st07
s764,rr06,t44,17:00,00:45,2023-10-10,st28,st07
s765,rr06,t44,17:00,00:47,2023-10-11,st28,st07
s766,rr06,t44,17:00,00:45,2023-10-12,st28,st07
s767,rr06,t44,17:00,00:45,2023-10-13,st28,st07
s768,rr06,t44,17:00,00:45,2023-10-15,st28,st07
s769,rr06,t44,17:00,00:45,2023-10-16,st28,st07
s770,rr06,t44,17:00,00:45,2023-10-17,st28,st07
s771,rr06,t44,17:00,00:45,2023-10-18,st28,st07
s772,rr06,t44,17:00,00:45,2023-10-19,st28,st07
s773,rr06,t44,17:00,00:45,2023-10-20,st28,st07
s774,rr06,t44,17:00,00:45,2023-10-22,st28,st07
s775,rr06,t44,17:00,00:45,2023-10-23,st28,st07
s776,rr06,t44,17:00,00:45,2023-10-24,st28,st07
s777,rr06,t44,17:00,00:45,2023-10-25,st28,st07
s778,rr06,t44,17:00,00:45,2023-10-26,st28,st07
s779,rr06,t44,17:00,00:45,2023-10-27,st28,st07
s780,rr06,t44,17:00,00:45,2023-10-29,st28,st07
s781,rr06,t44,17:00,00:45,2023-10-30,st28,st07
s782,rr06,t44,17:00,00:45,2023-10-31,st28,st07
s783,rr06,t44,17:00,00:45,2023-11-01,st28,st07
s784,rr06,t44,17:00,00:45,2023-11-02,st28,st07
s785,rr06,t44,17:00,00:45,2023-11-03,st28,st07
s786,rr06,t44,17:00,00:45,2023-11-05,st28,st07
s787,rr06,t44,17:00,00:45,2023-11-06,st28,st07
s788,rr06,t44,17:00,00:45,2023-11-07,st28,st07
s789,rr06,t44,17:00,00:45,2023-11-08,st28,st07
s790,rr06,t44,17:00,00:45,2023-11-09,st28,st07
s791,rr06,t44,17:00,00:45,2023-11-10,st28,st07
s792,rr06,t44,17:00,00:45,2023-11-12,st28,st07
s793,rr06,t44,17:00,00:45,2023-11-13,st28,st07
s794,rr06,t44,17:00,00:45,2023-11-14,st28,st07
s795,rr06,t44,17:00,00:45,2023-11-15,st28,st07
s796,rr06,t44,17:00,00:45,2023-11-16,st28,st07
s797,rr06,t44,17:00,00:45,2023-11-17,st28,st07
s798,rr06,t44,17:00,00:45,2023-11-19,st28,st07
s799,rr06,t44,17:00,00:45,2023-11-20,st28,st07
s800,rr06,t44,17:00,00:45,2023-11-21,st28,st07
s801,rr06,t44,17:00,00:45,2023-11-22,st28,st07
s802,rr06,t44,17:00,00:45,2023-11-23,st28,st07
s803,rr06,t44,17:00,00:45,2023-11-24,st28,st07
s804,rr06,t44,17:00,00:45,2023-11-26,st28,st07
s805,rr06,t44,17:00,00:45,2023-11-27,st28,st07
s806,rr06,t44,17:00,00:45,2023-11-28,st28,st07
s807,rr06,t44,17:00,00:45,2023-11-29,st28,st07
s808,rr06,t44,17:00,00:45,2023-11-30,st28,st07
s809,r07,t58,07:00,17:45,2023-09-02,st15,st16
s810,r07,t58,07:00,17:45,2023-09-09,st15,st16
s811,r07,t58,07:00,17:45,2023-09-16,st15,st16
s812,r07,t58,07:00,17:45,2023-09-23,st15,st16
s813,r07,t58,07:00,17:45,2023-09-30,st15,st16
s814,r07,t58,07:00,17:45,2023-10-07,st15,st16
s815,r07,t58,07:00,17:45,2023-10-14,st15,st16
s816,r07,t58,07:00,17:45,2023-10-21,st15,st16
s817,r07,t58,07:00,17:45,2023-10-28,st15,st16
s818,r07,t58,07:00,17:45,2023-11-04,st15,st16
s819,r07,t58,07:00,17:45,2023-11-11,st15,st16
s820,r07,t58,07:00,17:45,2023-11-18,st15,st16
s821,r07,t58,07:00,17:45,2023-11-25,st15,st16
s822,rr07,t59,18:00,04:45,2023-09-02,st16,st15
s823,rr07,t59,18:00,04:45,2023-09-09,st16,st15
s824,rr07,t59,18:00,04:45,2023-09-16,st16,st15
s825,rr07,t59,18:00,04:45,2023-09-23,st16,st15
s826,rr07,t59,18:00,04:45,2023-09-30,st16,st15
s827,rr07,t59,18:00,04:45,2023-10-07,st16,st15
s828,rr07,t59,18:00,04:45,2023-10-14,st16,st15
s829,rr07,t59,18:00,04:45,2023-10-21,st16,st15
s830,rr07,t59,18:00,04:45,2023-10-28,st16,st15
s831,rr07,t59,18:00,04:45,2023-11-04,st16,st15
s832,rr07,t59,18:00,04:45,2023-11-11,st16,st15
s833,rr07,t59,18:00,04:45,2023-11-18,st16,st15
s834,rr07,t59,18:00,04:45,2023-11-25,st16,st15
s835,r08,t18,10:00,15:00,2023-09-04,st55,st62
s836,r08,t18,10:00,15:00,2023-09-06,st55,st62
s837,r08,t18,10:00,15:00,2023-09-09,st55,st62
s838,r08,t18,10:00,15:00,2023-09-11,st55,st62
s839,r08,t18,10:00,15:00,2023-09-13,st55,st62
s840,r08,t18,10:00,15:00,2023-09-16,st55,st62
s841,r08,t18,10:00,15:00,2023-09-18,st55,st62
s842,r08,t18,10:00,15:00,2023-09-20,st55,st62
s843,r08,t18,10:00,15:00,2023-09-23,st55,st62
s844,r08,t18,10:00,15:00,2023-09-25,st55,st62
s845,r08,t18,10:00,15:00,2023-09-27,st55,st62
s846,r08,t18,10:00,15:00,2023-09-30,st55,st62
s847,r08,t18,10:00,15:00,2023-10-02,st55,st62
s848,r08,t18,10:00,15:00,2023-10-04,st55,st62
s849,r08,t18,10:00,15:00,2023-10-07,st55,st62
s850,r08,t18,10:00,15:00,2023-10-09,st55,st62
s851,r08,t18,10:00,15:00,2023-10-11,st55,st62
s852,r08,t18,10:00,15:00,2023-10-14,st55,st62
s853,r08,t18,10:00,15:00,2023-10-16,st55,st62
s854,r08,t18,10:00,15:00,2023-10-18,st55,st62
s855,r08,t18,10:00,15:00,2023-10-21,st55,st62
s856,r08,t18,10:00,15:00,2023-10-23,st55,st62
s857,r08,t18,10:00,15:00,2023-10-25,st55,st62
s858,r08,t18,10:00,15:00,2023-10-28,st55,st62
s859,r08,t18,10:00,15:00,2023-10-30,st55,st62
s860,r08,t18,10:00,15:00,2023-11-01,st55,st62
s861,r08,t18,10:00,15:00,2023-11-04,st55,st62
s862,r08,t18,10:00,15:00,2023-11-06,st55,st62
s863,r08,t18,10:00,15:00,2023-11-08,st55,st62
s864,r08,t18,10:00,15:00,2023-11-11,st55,st62
s865,r08,t18,10:00,15:00,2023-11-13,st55,st62
s866,r08,t18,10:00,15:00,2023-11-15,st55,st62
s867,r08,t18,10:00,15:00,2023-11-18,st55,st62
s868,r08,t18,10:00,15:10,2023-11-20,st55,st62
s869,r08,t18,10:00,15:00,2023-11-22,st55,st62
s870,r08,t18,10:00,15:00,2023-11-25,st55,st62
s871,r08,t18,10:00,15:00,2023-11-27,st55,st62
s872,r08,t18,10:00,15:00,2023-11-29,st55,st62
s873,rr08,t19,18:00,21:00,2023-09-04,st62,st55
s874,rr08,t19,18:00,21:00,2023-09-06,st62,st55
s875,rr08,t19,18:00,21:00,2023-09-09,st62,st55
s876,rr08,t19,18:00,21:00,2023-09-11,st62,st55
s877,rr08,t19,18:00,21:00,2023-09-13,st62,st55
s878,rr08,t19,18:00,21:00,2023-09-16,st62,st55
s879,rr08,t19,18:00,21:00,2023-09-18,st62,st55
s880,rr08,t19,18:00,21:00,2023-09-20,st62,st55
s881,rr08,t19,18:00,21:00,2023-09-23,st62,st55
s882,rr08,t19,18:00,21:00,2023-09-25,st62,st55
s883,rr08,t19,18:00,21:00,2023-09-27,st62,st55
s884,rr08,t19,18:00,21:00,2023-09-30,st62,st55
s885,rr08,t19,18:00,21:00,2023-10-02,st62,st55
s886,rr08,t19,18:00,21:00,2023-10-04,st62,st55
s887,rr08,t19,18:00,21:00,2023-10-07,st62,st55
s888,rr08,t19,18:00,21:00,2023-10-09,st62,st55
s889,rr08,t19,18:00,21:00,2023-10-11,st62,st55
s890,rr08,t19,18:00,21:00,2023-10-14,st62,st55
s891,rr08,t19,18:00,21:00,2023-10-16,st62,st55
s892,rr08,t19,18:00,21:00,2023-10-18,st62,st55
s893,rr08,t19,18:00,21:00,2023-10-21,st62,st55
s894,rr08,t19,18:00,21:00,2023-10-23,st62,st55
s895,rr08,t19,18:00,21:00,2023-10-25,st62,st55
s896,rr08,t19,18:00,21:00,2023-10-28,st62,st55
s897,rr08,t19,18:00,21:00,2023-10-30,st62,st55
s898,rr08,t19,18:00,21:00,2023-11-01,st62,st55
s899,rr08,t19,18:00,21:00,2023-11-04,st62,st55
s900,rr08,t19,18:00,21:00,2023-11-06,st62,st55
s901,rr08,t19,18:00,21:00,2023-11-08,st62,st55
s902,rr08,t19,18:00,21:00,2023-11-11,st62,st55
s903,rr08,t19,18:00,21:00,2023-11-13,st62,st55
s904,rr08,t19,18:00,21:00,2023-11-15,st62,st55
s905,rr08,t19,18:00,21:00,2023-11-18,st62,st55
s906,rr08,t19,18:00,21:00,2023-11-20,st62,st55
s907,rr08,t19,18:00,21:00,2023-11-22,st62,st55
s908,rr08,t19,18:00,21:00,2023-11-25,st62,st55
s909,rr08,t19,18:00,21:00,2023-11-27,st62,st55
s910,rr08,t19,18:00,21:00,2023-11-29,st62,st55
s911,r09,t78,09:00,12:00,2023-09-01,st96,null
s912,r09,t78,09:00,12:00,2023-09-02,st96,null
s913,r09,t78,09:00,12:00,2023-09-03,st96,null
s914,r09,t78,09:00,12:00,2023-09-04,st96,null
s915,r09,t78,09:00,12:00,2023-09-05,st72,null
s916,r09,t78,09:00,12:00,2023-09-06,st72,null
s917,r09,t78,09:00,12:00,2023-09-07,st72,null
s918,r09,t78,09:00,12:00,2023-09-08,st72,null
s919,r09,t78,09:00,12:00,2023-09-09,st72,null
s920,r09,t78,09:00,12:00,2023-09-10,st72,null
s921,r09,t78,09:00,12:00,2023-09-11,st96,null
s922,r09,t78,09:00,12:00,2023-09-12,st96,null
s923,r09,t78,09:00,12:00,2023-09-13,st96,null
s924,r09,t78,09:00,12:00,2023-09-14,st72,null
s925,r09,t78,09:00,12:00,2023-09-15,st96,null
s926,r09,t78,09:00,12:00,2023-09-16,st96,null
s927,r09,t78,09:00,12:00,2023-09-17,st96,null
s928,r09,t78,09:00,12:00,2023-09-18,st96,null
s929,r09,t78,09:00,12:00,2023-09-19,st72,null
s930,r09,t78,09:00,12:00,2023-09-20,st72,null
s931,r09,t78,09:00,12:00,2023-09-21,st72,null
s932,r09,t78,09:00,12:00,2023-09-22,st72,null
s933,r09,t78,09:00,12:00,2023-09-23,st72,null
s934,r09,t78,09:00,12:00,2023-09-24,st72,null
s935,r09,t78,09:00,12:00,2023-09-25,st96,null
s936,r09,t78,09:00,12:00,2023-09-26,st96,null
s937,r09,t78,09:00,12:00,2023-09-27,st72,null
s938,r09,t78,09:00,12:00,2023-09-28,st72,null
s939,r09,t78,09:00,12:00,2023-09-29,st72,null
s940,r09,t78,09:00,12:00,2023-09-30,st72,null
s941,r09,t78,09:00,12:00,2023-10-01,st72,null
s942,r09,t78,09:00,12:00,2023-10-02,st72,null
s943,r09,t78,09:00,12:00,2023-10-03,st96,null
s944,r09,t78,09:00,12:00,2023-10-04,st96,null
s945,r09,t78,09:00,12:00,2023-10-05,st72,null
s946,r09,t78,09:00,12:00,2023-10-06,st72,null
s947,r09,t78,09:00,12:00,2023-10-07,st96,null
s948,r09,t78,09:00,12:00,2023-10-08,st96,null
s949,r09,t78,09:00,12:00,2023-10-09,st96,null
s950,r09,t78,09:00,12:00,2023-10-10,st96,null
s951,r09,t78,09:00,12:00,2023-10-11,st72,null
s952,r09,t78,09:00,12:00,2023-10-12,st72,null
s953,r09,t78,09:00,12:00,2023-10-13,st96,null
s954,r09,t78,09:00,12:00,2023-10-14,st96,null
s955,r09,t78,09:00,12:00,2023-10-15,st96,null
s956,r09,t78,09:00,12:00,2023-10-16,st96,null
s957,r09,t78,09:00,12:00,2023-10-17,st72,null
s958,r09,t78,09:00,12:00,2023-10-18,st72,null
s959,r09,t78,09:00,12:00,2023-10-19,st72,null
s960,r09,t78,09:00,12:00,2023-10-20,st96,null
s961,r09,t78,09:00,12:00,2023-10-21,st96,null
s962,r09,t78,09:00,12:00,2023-10-22,st96,null
s963,r09,t78,09:00,12:00,2023-10-23,st96,null
s964,r09,t78,09:00,12:00,2023-10-24,st72,null
s965,r09,t78,09:00,12:00,2023-10-25,st72,null
s966,r09,t78,09:00,12:00,2023-10-26,st72,null
s967,r09,t78,09:00,12:00,2023-10-27,st96,null
s968,r09,t78,09:00,12:00,2023-10-28,st96,null
s969,r09,t78,09:00,12:00,2023-10-29,st96,null
s970,r09,t78,09:00,12:00,2023-10-30,st96,null
s971,r09,t78,09:00,12:00,2023-10-31,st72,null
s972,r09,t78,09:00,12:00,2023-11-01,st72,null
s973,r09,t78,09:00,12:00,2023-11-02,st72,null
s974,r09,t78,09:00,12:00,2023-11-03,st96,null
s975,r09,t78,09:00,12:00,2023-11-04,st96,null
s976,r09,t78,09:00,12:00,2023-11-05,st96,null
s977,r09,t78,09:00,12:00,2023-11-06,st96,null
s978,r09,t78,09:00,12:00,2023-11-07,st72,null
s979,r09,t78,09:00,12:00,2023-11-08,st72,null
s980,r09,t78,09:00,12:00,2023-11-09,st72,null
s981,r09,t78,09:00,12:00,2023-11-10,st96,null
s982,r09,t78,09:00,12:00,2023-11-11,st96,null
s983,r09,t78,09:00,12:00,2023-11-12,st96,null
s984,r09,t78,09:00,12:00,2023-11-13,st96,null
s985,r09,t78,09:00,12:00,2023-11-14,st72,null
s986,r09,t78,09:00,12:00,2023-11-15,st72,null
s987,r09,t78,09:00,12:00,2023-11-16,st72,null
s988,r09,t78,09:00,12:00,2023-11-17,st96,null
s989,r09,t78,09:00,12:00,2023-11-18,st96,null
s990,r09,t78,09:00,12:00,2023-11-19,st96,null
s991,r09,t78,09:00,12:00,2023-11-20,st96,null
s992,r09,t78,09:00,12:00,2023-11-21,st72,null
s993,r09,t78,09:00,12:00,2023-11-22,st72,null
s994,r09,t78,09:00,12:00,2023-11-23,st72,null
s995,r09,t78,09:00,12:00,2023-11-24,st96,null
s996,r09,t78,09:00,12:00,2023-11-25,st96,null
s997,r09,t78,09:00,12:00,2023-11-26,st96,null
s998,r09,t78,09:00,12:00,2023-11-27,st96,null
s999,r09,t78,09:00,12:00,2023-11-28,st72,null
s1000,r09,t78,09:00,12:00,2023-11-29,st72,null
s1001,r09,t78,09:00,12:00,2023-11-30,st72,null
s1002,rr09,t79,15:00,18:00,2023-09-01,st96,null
s1003,rr09,t79,15:00,18:00,2023-09-02,st96,null
s1004,rr09,t79,15:00,18:00,2023-09-03,st96,null
s1005,rr09,t79,15:00,18:00,2023-09-04,st96,null
s1006,rr09,t79,15:00,18:00,2023-09-05,st72,null
s1007,rr09,t79,15:00,18:00,2023-09-06,st72,null
s1008,rr09,t79,15:00,18:00,2023-09-07,st72,null
s1009,rr09,t79,15:00,18:00,2023-09-08,st72,null
s1010,rr09,t79,15:00,18:00,2023-09-09,st72,null
s1011,rr09,t79,15:00,18:00,2023-09-10,st72,null
s1012,rr09,t79,15:00,18:00,2023-09-11,st96,null
s1013,rr09,t79,15:00,18:00,2023-09-12,st96,null
s1014,rr09,t79,15:00,18:00,2023-09-13,st96,null
s1015,rr09,t79,15:00,18:00,2023-09-14,st72,null
s1016,rr09,t79,15:00,18:00,2023-09-15,st96,null
s1017,rr09,t79,15:00,18:00,2023-09-16,st96,null
s1018,rr09,t79,15:00,18:00,2023-09-17,st96,null
s1019,rr09,t79,15:00,18:00,2023-09-18,st96,null
s1020,rr09,t79,15:00,18:00,2023-09-19,st72,null
s1021,rr09,t79,15:00,18:00,2023-09-20,st72,null
s1022,rr09,t79,15:00,18:00,2023-09-21,st72,null
s1023,rr09,t79,15:00,18:00,2023-09-22,st72,null
s1024,rr09,t79,15:00,18:00,2023-09-23,st72,null
s1025,rr09,t79,15:00,18:00,2023-09-24,st72,null
s1026,rr09,t79,15:00,18:00,2023-09-25,st96,null
s1027,rr09,t79,15:00,18:00,2023-09-26,st96,null
s1028,rr09,t79,15:00,18:00,2023-09-27,st72,null
s1029,rr09,t79,15:00,18:00,2023-09-28,st72,null
s1030,rr09,t79,15:00,18:00,2023-09-29,st72,null
s1031,rr09,t79,15:00,18:00,2023-09-30,st72,null
s1032,rr09,t79,15:00,18:00,2023-10-01,st72,null
s1033,rr09,t79,15:00,18:00,2023-10-02,st72,null
s1034,rr09,t79,15:00,18:00,2023-10-03,st96,null
s1035,rr09,t79,15:00,18:00,2023-10-04,st96,null
s1036,rr09,t79,15:00,18:00,2023-10-05,st72,null
s1037,rr09,t79,15:00,18:00,2023-10-06,st72,null
s1038,rr09,t79,15:00,18:00,2023-10-07,st96,null
s1039,rr09,t79,15:00,18:00,2023-10-08,st96,null
s1040,rr09,t79,15:00,18:00,2023-10-09,st96,null
s1041,rr09,t79,15:00,18:00,2023-10-10,st96,null
s1042,rr09,t79,15:00,18:00,2023-10-11,st72,null
s1043,rr09,t79,15:00,18:00,2023-10-12,st72,null
s1044,rr09,t79,15:00,18:00,2023-10-13,st96,null
s1045,rr09,t79,15:00,18:00,2023-10-14,st96,null
s1046,rr09,t79,15:00,18:00,2023-10-15,st96,null
s1047,rr09,t79,15:00,18:00,2023-10-16,st96,null
s1048,rr09,t79,15:00,18:00,2023-10-17,st72,null
s1049,rr09,t79,15:00,18:00,2023-10-18,st72,null
s1050,rr09,t79,15:00,18:00,2023-10-19,st72,null
s1051,rr09,t79,15:00,18:00,2023-10-20,st96,null
s1052,rr09,t79,15:00,18:00,2023-10-21,st96,null
s1053,rr09,t79,15:00,18:00,2023-10-22,st96,null
s1054,rr09,t79,15:00,18:00,2023-10-23,st96,null
s1055,rr09,t79,15:00,18:00,2023-10-24,st72,null
s1056,rr09,t79,15:00,18:00,2023-10-25,st72,null
s1057,rr09,t79,15:00,18:00,2023-10-26,st72,null
s1058,rr09,t79,15:00,18:00,2023-10-27,st96,null
s1059,rr09,t79,15:00,18:00,2023-10-28,st96,null
s1060,rr09,t79,15:00,18:00,2023-10-29,st96,null
s1061,rr09,t79,15:00,18:00,2023-10-30,st96,null
s1062,rr09,t79,15:00,18:00,2023-10-31,st72,null
s1063,rr09,t79,15:00,18:00,2023-11-01,st72,null
s1064,rr09,t79,15:00,18:00,2023-11-02,st72,null
s1065,rr09,t79,15:00,18:00,2023-11-03,st96,null
s1066,rr09,t79,15:00,18:00,2023-11-04,st96,null
s1067,rr09,t79,15:00,18:00,2023-11-05,st96,null
s1068,rr09,t79,15:00,18:00,2023-11-06,st96,null
s1069,rr09,t79,15:00,18:00,2023-11-07,st72,null
s1070,rr09,t79,15:00,18:00,2023-11-08,st72,null
s1071,rr09,t79,15:00,18:00,2023-11-09,st72,null
s1072,rr09,t79,15:00,18:00,2023-11-10,st96,null
s1073,rr09,t79,15:00,18:00,2023-11-11,st96,null
s1074,rr09,t79,15:00,18:00,2023-11-12,st96,null
s1075,rr09,t79,15:00,18:00,2023-11-13,st96,null
s1076,rr09,t79,15:00,18:00,2023-11-14,st72,null
s1077,rr09,t79,15:00,18:00,2023-11-15,st72,null
s1078,rr09,t79,15:00,18:00,2023-11-16,st72,null
s1079,rr09,t79,15:00,18:00,2023-11-17,st96,null
s1080,rr09,t79,15:00,18:00,2023-11-18,st96,null
s1081,rr09,t79,15:00,18:00,2023-11-19,st96,null
s1082,rr09,t79,15:00,18:00,2023-11-20,st96,null
s1083,rr09,t79,15:00,18:00,2023-11-21,st72,null
s1084,rr09,t79,15:00,18:00,2023-11-22,st72,null
s1085,rr09,t79,15:00,18:00,2023-11-23,st72,null
s1086,rr09,t79,15:00,18:24,2023-11-24,st96,null
s1087,rr09,t79,15:00,18:00,2023-11-25,st96,null
s1088,rr09,t79,15:00,18:00,2023-11-26,st96,null
s1089,rr09,t79,15:00,18:00,2023-11-27,st96,null
s1090,rr09,t79,15:00,18:00,2023-11-28,st72,null
s1091,rr09,t79,15:00,18:00,2023-11-29,st72,null
s1092,rr09,t79,15:00,18:00,2023-11-30,st72,null
s1093,r10,t34,00:00,06:00,2023-09-01,st49,null
s1094,r10,t34,00:00,06:00,2023-09-02,st48,null
s1095,r10,t34,00:00,06:00,2023-09-03,st49,null
s1096,r10,t34,00:00,06:00,2023-09-04,st49,null
s1097,r10,t34,00:00,06:00,2023-09-05,st49,null
s1098,r10,t34,00:00,06:00,2023-09-06,st49,null
s1099,r10,t34,00:00,06:00,2023-09-07,st49,null
s1100,r10,t34,00:00,06:00,2023-09-08,st49,null
s1101,r10,t34,00:00,06:00,2023-09-09,st48,null
s1102,r10,t34,00:00,06:00,2023-09-10,st48,null
s1103,r10,t34,00:00,06:00,2023-09-11,st48,null
s1104,r10,t34,00:00,06:00,2023-09-12,st48,null
s1105,r10,t34,00:00,06:00,2023-09-13,st48,null
s1106,r10,t34,00:00,06:00,2023-09-14,st48,null
s1107,r10,t34,00:00,06:00,2023-09-15,st57,null
s1108,r10,t34,00:00,06:00,2023-09-16,st57,null
s1109,r10,t34,00:00,06:00,2023-09-17,st49,null
s1110,r10,t34,00:00,06:00,2023-09-18,st49,null
s1111,r10,t34,00:00,06:00,2023-09-19,st49,null
s1112,r10,t34,00:00,06:00,2023-09-20,st49,null
s1113,r10,t34,00:00,06:00,2023-09-21,st49,null
s1114,r10,t34,00:00,06:00,2023-09-22,st49,null
s1115,r10,t34,00:00,06:00,2023-09-23,st48,null
s1116,r10,t34,00:00,06:00,2023-09-24,st48,null
s1117,r10,t34,00:00,06:00,2023-09-25,st48,null
s1118,r10,t34,00:00,06:00,2023-09-26,st48,null
s1119,r10,t34,00:00,06:00,2023-09-27,st48,null
s1120,r10,t34,00:00,06:00,2023-09-28,st48,null
s1121,r10,t34,00:00,06:00,2023-09-29,st57,null
s1122,r10,t34,00:00,06:00,2023-09-30,st57,null
s1123,r10,t34,00:00,06:00,2023-10-01,st49,null
s1124,r10,t34,00:00,06:00,2023-10-02,st49,null
s1125,r10,t34,00:00,06:00,2023-10-03,st49,null
s1126,r10,t34,00:00,06:00,2023-10-04,st49,null
s1127,r10,t34,00:00,06:00,2023-10-05,st49,null
s1128,r10,t34,00:00,06:00,2023-10-06,st49,null
s1129,r10,t34,00:00,06:00,2023-10-07,st57,null
s1130,r10,t34,00:00,06:00,2023-10-08,st49,null
s1131,r10,t34,00:00,06:00,2023-10-09,st49,null
s1132,r10,t34,00:00,06:00,2023-10-10,st49,null
s1133,r10,t34,00:00,06:00,2023-10-11,st49,null
s1134,r10,t34,00:00,06:00,2023-10-12,st49,null
s1135,r10,t34,00:00,06:00,2023-10-13,st49,null
s1136,r10,t34,00:00,06:00,2023-10-14,st48,null
s1137,r10,t34,00:00,06:00,2023-10-15,st48,null
s1138,r10,t34,00:00,06:00,2023-10-16,st48,null
s1139,r10,t34,00:00,06:00,2023-10-17,st48,null
s1140,r10,t34,00:00,06:00,2023-10-18,st48,null
s1141,r10,t34,00:00,06:00,2023-10-19,st48,null
s1142,r10,t34,00:00,06:00,2023-10-20,st57,null
s1143,r10,t34,00:00,06:00,2023-10-21,st57,null
s1144,r10,t34,00:00,06:00,2023-10-22,st49,null
s1145,r10,t34,00:00,06:00,2023-10-23,st49,null
s1146,r10,t34,00:00,06:00,2023-10-24,st49,null
s1147,r10,t34,00:00,06:00,2023-10-25,st49,null
s1148,r10,t34,00:00,06:00,2023-10-26,st49,null
s1149,r10,t34,00:00,06:00,2023-10-27,st49,null
s1150,r10,t34,00:00,06:00,2023-10-28,st48,null
s1151,r10,t34,00:00,06:00,2023-10-29,st48,null
s1152,r10,t34,00:00,06:00,2023-10-30,st48,null
s1153,r10,t34,00:00,06:00,2023-10-31,st48,null
s1154,r10,t34,00:00,06:00,2023-11-01,st48,null
s1155,r10,t34,00:00,06:00,2023-11-02,st48,null
s1156,r10,t34,00:00,06:00,2023-11-03,st57,null
s1157,r10,t34,00:00,06:00,2023-11-04,st57,null
s1158,r10,t34,00:00,06:00,2023-11-05,st49,null
s1159,r10,t34,00:00,06:00,2023-11-06,st49,null
s1160,r10,t34,00:00,06:00,2023-11-07,st49,null
s1161,r10,t34,00:00,06:00,2023-11-08,st49,null
s1162,r10,t34,00:00,06:00,2023-11-09,st49,null
s1163,r10,t34,00:00,06:00,2023-11-10,st49,null
s1164,r10,t34,00:00,06:00,2023-11-11,st48,null
s1165,r10,t34,00:00,06:00,2023-11-12,st49,null
s1166,r10,t34,00:00,06:00,2023-11-13,st49,null
s1167,r10,t34,00:00,06:00,2023-11-14,st49,null
s1168,r10,t34,00:00,06:00,2023-11-15,st49,null
s1169,r10,t34,00:00,06:00,2023-11-16,st49,null
s1170,r10,t34,00:00,06:00,2023-11-17,st49,null
s1171,r10,t34,00:00,06:00,2023-11-18,st48,null
s1172,r10,t34,00:00,06:00,2023-11-19,st48,null
s1173,r10,t34,00:03,06:00,2023-11-20,st48,null
s1174,r10,t34,00:00,06:00,2023-11-21,st48,null
s1175,r10,t34,00:00,06:00,2023-11-22,st48,null
s1176,r10,t34,00:00,06:00,2023-11-23,st48,null
s1177,r10,t34,00:00,06:00,2023-11-24,st49,null
s1178,r10,t34,00:00,06:00,2023-11-25,st48,null
s1179,r10,t34,00:00,06:00,2023-11-26,st48,null
s1180,r10,t34,00:00,06:00,2023-11-27,st49,null
s1181,r10,t34,00:00,06:00,2023-11-28,st49,null
s1182,r10,t34,00:00,06:00,2023-11-29,st49,null
s1183,r10,t34,00:00,06:00,2023-11-30,st49,null
s1184,rr10,t35,07:00,13:00,2023-09-01,st49,null
s1185,rr10,t35,07:00,13:00,2023-09-02,st48,null
s1186,rr10,t35,07:00,13:00,2023-09-03,st49,null
s1187,rr10,t35,07:00,13:00,2023-09-04,st49,null
s1188,rr10,t35,07:00,13:00,2023-09-05,st49,null
s1189,rr10,t35,07:00,13:00,2023-09-06,st49,null
s1190,rr10,t35,07:00,13:00,2023-09-07,st49,null
s1191,rr10,t35,07:00,13:00,2023-09-08,st49,null
s1192,rr10,t35,07:00,13:00,2023-09-09,st48,null
s1193,rr10,t35,07:00,13:00,2023-09-10,st48,null
s1194,rr10,t35,07:00,13:00,2023-09-11,st48,null
s1195,rr10,t35,07:00,13:00,2023-09-12,st48,null
s1196,rr10,t35,07:00,13:00,2023-09-13,st48,null
s1197,rr10,t35,07:00,13:00,2023-09-14,st48,null
s1198,rr10,t35,07:00,13:00,2023-09-15,st57,null
s1199,rr10,t35,07:00,13:00,2023-09-16,st57,null
s1200,rr10,t35,07:00,13:00,2023-09-17,st49,null
s1201,rr10,t35,07:00,13:00,2023-09-18,st49,null
s1202,rr10,t35,07:00,13:00,2023-09-19,st49,null
s1203,rr10,t35,07:00,13:00,2023-09-20,st49,null
s1204,rr10,t35,07:00,13:00,2023-09-21,st49,null
s1205,rr10,t35,07:00,13:00,2023-09-22,st49,null
s1206,rr10,t35,07:00,13:00,2023-09-23,st48,null
s1207,rr10,t35,07:00,13:00,2023-09-24,st48,null
s1208,rr10,t35,07:00,13:00,2023-09-25,st48,null
s1209,rr10,t35,07:00,13:00,2023-09-26,st48,null
s1210,rr10,t35,07:00,13:00,2023-09-27,st48,null
s1211,rr10,t35,07:00,13:00,2023-09-28,st48,null
s1212,rr10,t35,07:00,13:00,2023-09-29,st57,null
s1213,rr10,t35,07:00,13:00,2023-09-30,st57,null
s1214,rr10,t35,07:00,13:00,2023-10-01,st49,null
s1215,rr10,t35,07:00,13:00,2023-10-02,st49,null
s1216,rr10,t35,07:00,13:00,2023-10-03,st49,null
s1217,rr10,t35,07:00,13:00,2023-10-04,st49,null
s1218,rr10,t35,07:00,13:00,2023-10-05,st49,null
s1219,rr10,t35,07:00,13:00,2023-10-06,st49,null
s1220,rr10,t35,07:00,13:00,2023-10-07,st57,null
s1221,rr10,t35,07:00,13:00,2023-10-08,st49,null
s1222,rr10,t35,07:00,13:00,2023-10-09,st49,null
s1223,rr10,t35,07:00,13:00,2023-10-10,st49,null
s1224,rr10,t35,07:00,13:00,2023-10-11,st49,null
s1225,rr10,t35,07:00,13:00,2023-10-12,st49,null
s1226,rr10,t35,07:00,13:00,2023-10-13,st49,null
s1227,rr10,t35,07:00,13:00,2023-10-14,st48,null
s1228,rr10,t35,07:00,13:00,2023-10-15,st48,null
s1229,rr10,t35,07:00,13:00,2023-10-16,st48,null
s1230,rr10,t35,07:00,13:00,2023-10-17,st48,null
s1231,rr10,t35,07:00,13:00,2023-10-18,st48,null
s1232,rr10,t35,07:00,13:00,2023-10-19,st48,null
s1233,rr10,t35,07:00,13:00,2023-10-20,st57,null
s1234,rr10,t35,07:00,13:00,2023-10-21,st57,null
s1235,rr10,t35,07:00,13:00,2023-10-22,st49,null
s1236,rr10,t35,07:00,13:00,2023-10-23,st49,null
s1237,rr10,t35,07:00,13:00,2023-10-24,st49,null
s1238,rr10,t35,07:00,13:00,2023-10-25,st49,null
s1239,rr10,t35,07:00,13:00,2023-10-26,st49,null
s1240,rr10,t35,07:00,13:00,2023-10-27,st49,null
s1241,rr10,t35,07:00,13:00,2023-10-28,st48,null
s1242,rr10,t35,07:00,13:00,2023-10-29,st48,null
s1243,rr10,t35,07:00,13:00,2023-10-30,st48,null
s1244,rr10,t35,07:00,13:00,2023-10-31,st48,null
s1245,rr10,t35,07:00,13:00,2023-11-01,st48,null
s1246,rr10,t35,07:00,13:00,2023-11-02,st48,null
s1247,rr10,t35,07:00,13:00,2023-11-03,st57,null
s1248,rr10,t35,07:00,13:00,2023-11-04,st57,null
s1249,rr10,t35,07:00,13:00,2023-11-05,st49,null
s1250,rr10,t35,07:00,13:00,2023-11-06,st49,null
s1251,rr10,t35,07:00,13:00,2023-11-07,st49,null
s1252,rr10,t35,07:05,13:00,2023-11-08,st49,null
s1253,rr10,t35,07:00,13:00,2023-11-09,st49,null
s1254,rr10,t35,07:00,13:00,2023-11-10,st49,null
s1255,rr10,t35,07:00,13:00,2023-11-11,st48,null
s1256,rr10,t35,07:00,13:00,2023-11-12,st49,null
s1257,rr10,t35,07:00,13:00,2023-11-13,st49,null
s1258,rr10,t35,07:00,13:00,2023-11-14,st49,null
s1259,rr10,t35,07:00,13:00,2023-11-15,st49,null
s1260,rr10,t35,07:00,13:00,2023-11-16,st49,null
s1261,rr10,t35,07:00,13:00,2023-11-17,st49,null
s1262,rr10,t35,07:00,13:00,2023-11-18,st48,null
s1263,rr10,t35,07:00,13:00,2023-11-19,st48,null
s1264,rr10,t35,07:00,13:00,2023-11-20,st48,null
s1265,rr10,t35,07:00,13:00,2023-11-21,st48,null
s1266,rr10,t35,07:00,13:00,2023-11-22,st48,null
s1267,rr10,t35,07:00,13:00,2023-11-23,st48,null
s1268,rr10,t35,07:00,13:14,2023-11-24,st49,null
s1269,rr10,t35,07:00,13:00,2023-11-25,st48,null
s1270,rr10,t35,07:00,13:00,2023-11-26,st48,null
s1271,rr10,t35,07:00,13:00,2023-11-27,st49,null
s1272,rr10,t35,07:00,13:00,2023-11-28,st49,null
s1273,rr10,t35,07:00,13:00,2023-11-29,st49,null
s1274,rr10,t35,07:00,13:00,2023-11-30,st49,null
